Date,Hour,Demand_MW,Renewable_Generation_MW,Temperature_C,Wind_Speed_kmh,Electricity_Price,Price_Spike,Day_of_Week,Is_Weekend
2025-01-01,0,3562.7,0.0,23.9,6.4,4.9,0,2,0
2025-01-01,1,3455.2,0.0,22.9,10.6,19.74,1,2,0
2025-01-01,2,3321.6,0.0,24.8,12.3,5.11,0,2,0
2025-01-01,3,3259.4,0.0,27.2,21.6,5.42,0,2,0
2025-01-01,4,3604.8,0.0,25.1,16.2,4.63,0,2,0
2025-01-01,5,3684.5,25.6,26.3,8.7,6.4,0,2,0
2025-01-01,6,3931.6,0.1,30.8,15.9,4.49,0,2,0
2025-01-01,7,4053.0,134.9,30.7,7.8,6.3,0,2,0
2025-01-01,8,4295.9,529.1,29.7,18.3,6.59,0,2,0
2025-01-01,9,4167.4,748.9,32.5,12.1,7.13,0,2,0
2025-01-01,10,4635.5,586.5,31.5,13.6,7.77,0,2,0
2025-01-01,11,4537.2,777.8,32.0,19.3,6.27,0,2,0
2025-01-01,12,4940.1,807.7,33.4,8.9,7.52,0,2,0
2025-01-01,13,4464.7,756.5,29.4,8.4,7.32,0,2,0
2025-01-01,14,4879.0,879.0,29.2,11.7,7.91,0,2,0
2025-01-01,15,4537.3,613.1,30.5,18.2,7.02,0,2,0
2025-01-01,16,4281.1,418.3,28.7,7.9,18.86,1,2,0
2025-01-01,17,4176.6,0.0,29.9,2.7,7.71,0,2,0
2025-01-01,18,4049.3,76.3,26.4,12.2,6.28,0,2,0
2025-01-01,19,4015.1,0.0,24.2,16.2,6.53,0,2,0
2025-01-01,20,3864.6,7.2,28.1,18.8,22.51,1,2,0
2025-01-01,21,3510.5,33.3,24.1,12.1,4.32,0,2,0
2025-01-01,22,3474.7,163.3,23.8,12.4,3.78,0,2,0
2025-01-01,23,3761.4,0.0,20.6,18.6,6.54,0,2,0
2025-01-02,0,3378.4,0.0,22.0,6.5,4.58,0,3,0
2025-01-02,1,3123.8,22.1,23.4,12.4,4.34,0,3,0
2025-01-02,2,3074.2,216.1,21.6,14.8,3.64,0,3,0
2025-01-02,3,3153.9,148.7,25.1,15.8,4.41,0,3,0
2025-01-02,4,3346.1,25.2,24.4,12.0,6.39,0,3,0
2025-01-02,5,3186.1,0.0,26.2,14.1,5.49,0,3,0
2025-01-02,6,3480.7,96.9,26.9,4.0,6.13,0,3,0
2025-01-02,7,3394.9,116.1,32.6,11.4,4.3,0,3,0
2025-01-02,8,3935.3,507.2,30.5,15.8,5.32,0,3,0
2025-01-02,9,4136.7,697.1,29.6,10.1,4.23,0,3,0
2025-01-02,10,4067.9,906.6,33.8,14.2,5.68,0,3,0
2025-01-02,11,4541.5,1200.5,30.6,15.8,7.79,0,3,0
2025-01-02,12,4102.5,947.1,33.4,12.6,6.77,0,3,0
2025-01-02,13,4081.7,808.3,29.3,14.7,6.1,0,3,0
2025-01-02,14,4363.5,776.4,29.9,10.1,6.93,0,3,0
2025-01-02,15,4446.6,424.1,31.9,13.2,27.99,1,3,0
2025-01-02,16,4458.0,366.6,31.8,16.4,7.71,0,3,0
2025-01-02,17,3937.6,183.8,29.6,14.6,7.08,0,3,0
2025-01-02,18,4057.6,0.0,27.8,11.7,5.53,0,3,0
2025-01-02,19,3688.3,18.3,26.2,14.9,6.18,0,3,0
2025-01-02,20,3495.9,0.0,22.8,16.9,6.16,0,3,0
2025-01-02,21,3529.3,134.5,23.2,5.8,5.06,0,3,0
2025-01-02,22,3353.0,0.0,22.8,18.6,5.66,0,3,0
2025-01-02,23,2848.6,0.0,25.1,12.7,6.32,0,3,0
2025-01-03,0,2942.7,0.0,23.6,15.7,4.14,0,4,0
2025-01-03,1,2903.2,18.6,20.0,18.8,26.26,1,4,0
2025-01-03,2,2564.3,99.0,24.3,8.5,2.74,0,4,0
2025-01-03,3,2813.1,0.0,23.8,11.2,4.09,0,4,0
2025-01-03,4,2934.1,0.0,24.3,12.8,4.59,0,4,0
2025-01-03,5,3026.7,0.0,27.8,10.9,4.71,0,4,0
2025-01-03,6,3037.5,0.0,29.9,20.9,3.83,0,4,0
2025-01-03,7,3183.9,134.6,31.0,10.6,5.07,0,4,0
2025-01-03,8,3468.4,392.9,29.0,11.8,6.42,0,4,0
2025-01-03,9,3840.8,741.3,31.0,14.8,6.22,0,4,0
2025-01-03,10,3862.2,810.9,32.9,9.2,6.69,0,4,0
2025-01-03,11,3801.0,892.6,34.6,12.4,5.59,0,4,0
2025-01-03,12,4071.5,1002.1,32.1,15.3,6.8,0,4,0
2025-01-03,13,3442.0,852.8,32.5,12.7,5.17,0,4,0
2025-01-03,14,4139.4,826.3,30.3,13.6,5.67,0,4,0
2025-01-03,15,3554.5,624.0,29.4,11.9,5.52,0,4,0
2025-01-03,16,3699.1,481.8,32.0,7.9,5.0,0,4,0
2025-01-03,17,3428.2,163.0,31.7,15.3,4.94,0,4,0
2025-01-03,18,3239.9,0.0,27.9,21.0,25.6,1,4,0
2025-01-03,19,3513.7,0.0,28.5,14.1,5.89,0,4,0
2025-01-03,20,3052.3,170.7,26.2,14.9,3.46,0,4,0
2025-01-03,21,3042.1,111.1,23.3,16.8,5.18,0,4,0
2025-01-03,22,2836.7,115.8,24.3,8.9,4.38,0,4,0
2025-01-03,23,2827.7,148.3,25.9,20.8,3.37,0,4,0
2025-01-04,0,2447.3,10.6,22.9,14.8,1.87,0,5,1
2025-01-04,1,2180.3,23.7,26.0,20.5,2.49,0,5,1
2025-01-04,2,2612.8,0.0,19.0,11.1,2.97,0,5,1
2025-01-04,3,2409.5,0.0,25.9,21.3,3.22,0,5,1
2025-01-04,4,2321.5,73.9,25.7,17.1,2.58,0,5,1
2025-01-04,5,2659.2,144.5,26.2,16.2,1.96,0,5,1
2025-01-04,6,3163.2,0.0,28.2,14.9,4.55,0,5,1
2025-01-04,7,3214.3,178.9,25.7,13.0,4.5,0,5,1
2025-01-04,8,3166.8,450.1,30.1,18.8,5.09,0,5,1
2025-01-04,9,3323.4,708.5,32.2,14.6,4.23,0,5,1
2025-01-04,10,3463.0,606.2,35.0,6.1,6.62,0,5,1
2025-01-04,11,3998.0,593.8,31.9,9.5,4.83,0,5,1
2025-01-04,12,3757.9,833.9,31.5,13.3,6.67,0,5,1
2025-01-04,13,3788.7,722.8,31.9,15.2,5.61,0,5,1
2025-01-04,14,3874.6,718.4,34.0,13.8,27.58,1,5,1
2025-01-04,15,3667.2,618.7,32.1,18.9,5.68,0,5,1
2025-01-04,16,3474.3,395.6,29.5,6.2,6.19,0,5,1
2025-01-04,17,3350.9,407.2,30.2,14.6,4.71,0,5,1
2025-01-04,18,3216.6,39.2,28.2,6.7,4.07,0,5,1
2025-01-04,19,3054.6,36.1,28.4,17.0,5.74,0,5,1
2025-01-04,20,3024.0,74.7,24.2,13.6,4.27,0,5,1
2025-01-04,21,2745.6,0.0,23.9,15.7,3.97,0,5,1
2025-01-04,22,2733.5,124.7,23.0,10.5,4.63,0,5,1
2025-01-04,23,2483.8,0.0,20.5,19.1,2.28,0,5,1
2025-01-05,0,2534.5,80.5,23.5,18.2,3.73,0,6,1
2025-01-05,1,2138.5,0.0,23.6,16.3,1.98,0,6,1
2025-01-05,2,2685.3,0.0,23.7,13.5,3.55,0,6,1
2025-01-05,3,2647.6,98.1,24.0,16.3,17.22,1,6,1
2025-01-05,4,2868.2,45.2,23.0,11.2,2.8,0,6,1
2025-01-05,5,2301.8,0.0,25.9,17.4,2.27,0,6,1
2025-01-05,6,3355.9,0.0,27.4,20.6,6.34,0,6,1
2025-01-05,7,3123.0,368.0,27.8,18.3,5.18,0,6,1
2025-01-05,8,3515.9,307.3,30.2,11.1,5.42,0,6,1
2025-01-05,9,3286.0,833.5,32.3,15.4,4.81,0,6,1
2025-01-05,10,3718.1,671.3,35.7,8.8,5.58,0,6,1
2025-01-05,11,3521.5,945.9,33.1,16.3,6.16,0,6,1
2025-01-05,12,3663.7,860.6,33.5,15.8,5.3,0,6,1
2025-01-05,13,4142.7,941.7,32.7,6.5,6.61,0,6,1
2025-01-05,14,3741.7,714.1,28.9,9.4,6.51,0,6,1
2025-01-05,15,3750.2,616.9,31.5,12.9,5.16,0,6,1
2025-01-05,16,3764.4,454.9,30.6,12.8,7.16,0,6,1
2025-01-05,17,3562.4,112.7,33.7,9.2,4.62,0,6,1
2025-01-05,18,3343.5,88.9,27.7,15.6,6.48,0,6,1
2025-01-05,19,3213.9,0.0,27.2,15.0,4.65,0,6,1
2025-01-05,20,3412.6,0.0,25.4,13.2,5.12,0,6,1
2025-01-05,21,2812.8,0.0,22.4,11.0,2.38,0,6,1
2025-01-05,22,2724.8,0.0,25.7,18.2,3.45,0,6,1
2025-01-05,23,2774.4,0.0,24.5,20.6,3.05,0,6,1
2025-01-06,0,3071.1,289.5,24.4,12.1,3.81,0,0,0
2025-01-06,1,3063.7,94.2,21.5,11.6,4.23,0,0,0
2025-01-06,2,2987.1,0.0,26.2,16.0,5.17,0,0,0
2025-01-06,3,2731.3,0.0,21.9,12.6,23.0,1,0,0
2025-01-06,4,3334.4,2.7,26.6,13.4,5.43,0,0,0
2025-01-06,5,2968.7,65.7,30.6,17.0,3.59,0,0,0
2025-01-06,6,3386.2,0.0,26.2,6.4,4.58,0,0,0
2025-01-06,7,3364.2,366.7,28.3,19.3,6.46,0,0,0
2025-01-06,8,3656.7,535.8,30.7,14.3,5.02,0,0,0
2025-01-06,9,3884.2,722.6,30.6,12.4,7.28,0,0,0
2025-01-06,10,4017.5,832.0,29.5,13.6,5.93,0,0,0
2025-01-06,11,4138.9,871.7,33.0,13.8,6.48,0,0,0
2025-01-06,12,4418.3,980.7,31.1,7.1,7.8,0,0,0
2025-01-06,13,4231.6,940.4,33.7,20.0,7.67,0,0,0
2025-01-06,14,4083.9,736.9,30.7,14.2,26.38,1,0,0
2025-01-06,15,4236.5,567.6,34.3,15.8,6.68,0,0,0
2025-01-06,16,4173.7,462.2,29.1,17.8,6.71,0,0,0
2025-01-06,17,3604.0,418.8,28.7,9.9,5.79,0,0,0
2025-01-06,18,3775.8,0.0,29.5,15.9,6.97,0,0,0
2025-01-06,19,3626.2,0.0,24.5,12.9,5.76,0,0,0
2025-01-06,20,3278.2,19.8,25.9,17.4,5.52,0,0,0
2025-01-06,21,3422.6,6.1,26.8,5.5,6.69,0,0,0
2025-01-06,22,3013.4,20.8,20.8,13.6,4.56,0,0,0
2025-01-06,23,2959.7,29.3,23.5,11.6,4.48,0,0,0
2025-01-07,0,3192.8,0.0,23.5,15.7,3.55,0,1,0
2025-01-07,1,3204.6,178.8,24.6,15.9,2.58,0,1,0
2025-01-07,2,3026.6,0.0,21.4,11.2,4.64,0,1,0
2025-01-07,3,3029.7,0.0,22.1,11.2,4.28,0,1,0
2025-01-07,4,3679.2,0.0,26.4,13.6,5.53,0,1,0
2025-01-07,5,3374.4,0.0,27.2,10.4,5.49,0,1,0
2025-01-07,6,3505.1,0.0,28.5,17.4,5.58,0,1,0
2025-01-07,7,3464.2,432.3,29.9,12.5,6.14,0,1,0
2025-01-07,8,3905.0,452.5,29.3,2.4,6.24,0,1,0
2025-01-07,9,3938.7,664.1,32.0,12.5,5.57,0,1,0
2025-01-07,10,4607.0,628.2,32.9,9.8,8.5,0,1,0
2025-01-07,11,4596.5,795.4,31.5,7.5,7.33,0,1,0
2025-01-07,12,4355.8,855.0,36.4,9.1,23.3,1,1,0
2025-01-07,13,4907.3,831.2,33.7,14.4,7.85,0,1,0
2025-01-07,14,4656.4,933.2,30.2,19.3,6.95,0,1,0
2025-01-07,15,4356.3,703.3,32.7,15.3,7.15,0,1,0
2025-01-07,16,3861.6,316.6,28.7,11.6,6.18,0,1,0
2025-01-07,17,4589.2,262.5,30.7,15.8,8.26,0,1,0
2025-01-07,18,3769.9,59.8,30.1,12.2,6.0,0,1,0
2025-01-07,19,3555.7,136.8,25.2,11.2,4.05,0,1,0
2025-01-07,20,3867.7,189.7,27.2,9.4,5.88,0,1,0
2025-01-07,21,3966.0,0.0,25.2,7.0,7.16,0,1,0
2025-01-07,22,3641.4,0.0,25.1,12.4,5.57,0,1,0
2025-01-07,23,3390.4,0.0,26.6,14.6,5.11,0,1,0
2025-01-08,0,3417.9,0.0,22.6,13.6,6.02,0,2,0
2025-01-08,1,3442.3,56.0,21.8,12.3,4.64,0,2,0
2025-01-08,2,3447.5,118.5,22.1,10.2,3.95,0,2,0
2025-01-08,3,3426.4,0.0,23.0,16.4,5.13,0,2,0
2025-01-08,4,3497.9,0.0,25.4,8.7,5.12,0,2,0
2025-01-08,5,3602.5,18.2,27.3,17.1,5.01,0,2,0
2025-01-08,6,3634.8,0.0,28.5,10.0,5.77,0,2,0
2025-01-08,7,3888.2,483.7,30.8,11.0,6.56,0,2,0
2025-01-08,8,3802.2,257.1,30.5,8.1,6.14,0,2,0
2025-01-08,9,4246.0,658.6,34.2,12.0,7.18,0,2,0
2025-01-08,10,4220.4,1022.3,31.9,17.9,7.95,0,2,0
2025-01-08,11,4303.0,870.1,37.7,16.1,6.74,0,2,0
2025-01-08,12,4599.0,877.2,34.1,17.9,7.75,0,2,0
2025-01-08,13,4839.3,826.4,31.3,16.1,7.59,0,2,0
2025-01-08,14,4731.9,757.8,30.4,9.6,7.11,0,2,0
2025-01-08,15,4218.9,801.1,32.4,12.7,6.23,0,2,0
2025-01-08,16,4220.2,184.6,30.1,10.9,6.73,0,2,0
2025-01-08,17,4433.1,416.9,30.6,19.3,7.7,0,2,0
2025-01-08,18,3930.1,0.0,28.9,9.2,8.46,0,2,0
2025-01-08,19,3898.3,0.0,26.6,17.6,5.85,0,2,0
2025-01-08,20,3869.5,0.0,24.0,17.6,5.94,0,2,0
2025-01-08,21,3439.4,70.6,21.7,21.3,13.35,1,2,0
2025-01-08,22,3498.1,0.0,22.9,12.4,5.73,0,2,0
2025-01-08,23,3135.7,55.5,24.7,16.8,4.85,0,2,0
2025-01-09,0,2959.1,242.9,23.4,23.1,5.08,0,3,0
2025-01-09,1,3102.8,0.0,20.9,11.5,2.54,0,3,0
2025-01-09,2,2780.7,22.8,24.0,7.9,1.95,0,3,0
2025-01-09,3,3211.6,0.0,25.2,6.5,4.47,0,3,0
2025-01-09,4,3232.1,51.1,23.9,16.9,5.7,0,3,0
2025-01-09,5,3469.7,2.3,27.0,6.5,4.24,0,3,0
2025-01-09,6,3567.3,0.0,28.1,12.5,3.35,0,3,0
2025-01-09,7,3940.8,291.5,27.2,15.7,6.77,0,3,0
2025-01-09,8,3886.0,666.5,31.1,14.7,6.22,0,3,0
2025-01-09,9,3943.0,613.5,32.5,15.7,5.37,0,3,0
2025-01-09,10,4176.9,865.8,34.3,14.9,5.83,0,3,0
2025-01-09,11,4356.0,714.1,34.7,19.1,6.37,0,3,0
2025-01-09,12,4331.9,785.2,30.5,10.2,6.98,0,3,0
2025-01-09,13,4352.6,926.0,31.1,11.3,6.34,0,3,0
2025-01-09,14,4196.7,957.5,33.3,10.9,6.95,0,3,0
2025-01-09,15,4138.8,679.1,32.5,17.3,4.33,0,3,0
2025-01-09,16,3902.4,412.4,31.4,17.6,5.59,0,3,0
2025-01-09,17,4335.2,232.9,36.2,15.8,6.64,0,3,0
2025-01-09,18,3639.6,0.0,29.0,18.7,5.74,0,3,0
2025-01-09,19,3570.5,72.5,28.7,9.3,5.29,0,3,0
2025-01-09,20,3397.7,105.9,27.2,20.7,5.9,0,3,0
2025-01-09,21,3531.3,0.0,25.6,20.1,4.1,0,3,0
2025-01-09,22,3182.5,0.0,23.1,16.9,4.77,0,3,0
2025-01-09,23,3356.9,31.9,24.5,21.1,5.59,0,3,0
2025-01-10,0,2555.7,0.0,21.6,7.4,4.78,0,4,0
2025-01-10,1,2705.0,0.0,22.7,11.9,3.28,0,4,0
2025-01-10,2,2526.5,252.0,22.8,11.1,3.33,0,4,0
2025-01-10,3,3128.0,0.0,24.6,16.9,3.22,0,4,0
2025-01-10,4,2631.4,0.0,29.7,9.8,1.83,0,4,0
2025-01-10,5,3035.5,0.0,23.3,17.0,5.09,0,4,0
2025-01-10,6,3250.6,89.3,29.2,19.5,5.02,0,4,0
2025-01-10,7,3379.2,211.2,26.4,16.8,6.05,0,4,0
2025-01-10,8,3439.6,372.1,29.7,15.1,4.13,0,4,0
2025-01-10,9,3606.4,795.0,33.5,10.0,5.81,0,4,0
2025-01-10,10,3772.3,949.8,32.4,10.6,7.09,0,4,0
2025-01-10,11,3841.2,797.3,30.9,19.0,6.15,0,4,0
2025-01-10,12,4106.1,676.0,31.7,17.1,6.74,0,4,0
2025-01-10,13,4352.6,990.2,34.1,13.8,6.9,0,4,0
2025-01-10,14,3832.3,697.3,31.0,12.3,4.62,0,4,0
2025-01-10,15,3621.1,731.3,31.9,5.9,6.5,0,4,0
2025-01-10,16,3748.5,213.6,30.6,9.7,5.58,0,4,0
2025-01-10,17,4094.1,340.0,28.1,21.6,7.04,0,4,0
2025-01-10,18,3328.3,0.0,31.9,8.9,4.11,0,4,0
2025-01-10,19,3599.8,87.7,27.8,14.8,4.8,0,4,0
2025-01-10,20,3438.5,1.7,21.9,18.0,6.4,0,4,0
2025-01-10,21,2880.1,0.0,24.8,9.0,3.85,0,4,0
2025-01-10,22,2947.5,0.0,22.5,14.7,5.35,0,4,0
2025-01-10,23,3034.9,82.4,24.7,17.8,4.33,0,4,0
2025-01-11,0,2365.2,12.7,21.6,14.0,1.39,0,5,1
2025-01-11,1,2374.6,70.1,23.0,25.5,3.61,0,5,1
2025-01-11,2,2328.7,237.2,24.6,7.3,16.79,1,5,1
2025-01-11,3,2315.7,0.0,26.0,18.2,15.3,1,5,1
2025-01-11,4,2484.8,194.1,23.3,13.3,3.07,0,5,1
2025-01-11,5,2516.0,12.5,26.1,17.1,2.12,0,5,1
2025-01-11,6,2899.2,0.0,27.1,15.8,4.38,0,5,1
2025-01-11,7,2922.7,73.3,28.1,11.1,6.03,0,5,1
2025-01-11,8,3271.6,427.3,33.7,14.9,5.35,0,5,1
2025-01-11,9,3106.2,747.0,32.3,6.6,21.11,1,5,1
2025-01-11,10,3580.5,764.1,30.1,16.4,6.1,0,5,1
2025-01-11,11,3774.2,1050.7,34.5,15.2,5.76,0,5,1
2025-01-11,12,3330.3,725.9,36.8,16.6,5.12,0,5,1
2025-01-11,13,3778.6,867.9,34.7,18.2,4.88,0,5,1
2025-01-11,14,3910.1,629.1,29.6,15.5,6.24,0,5,1
2025-01-11,15,3406.5,680.0,30.7,14.6,20.04,1,5,1
2025-01-11,16,3822.0,556.4,32.8,10.5,5.36,0,5,1
2025-01-11,17,3461.7,182.4,28.0,11.2,6.51,0,5,1
2025-01-11,18,3102.6,0.0,28.8,18.7,4.68,0,5,1
2025-01-11,19,3051.2,23.9,28.1,19.7,3.89,0,5,1
2025-01-11,20,2993.5,52.4,23.8,13.0,5.1,0,5,1
2025-01-11,21,2750.0,48.5,24.4,14.2,3.55,0,5,1
2025-01-11,22,2698.6,148.3,17.8,10.4,19.05,1,5,1
2025-01-11,23,2332.6,0.0,21.3,18.7,2.56,0,5,1
2025-01-12,0,2550.8,81.6,22.5,16.7,3.21,0,6,1
2025-01-12,1,2243.7,143.1,20.9,21.8,2.87,0,6,1
2025-01-12,2,2500.3,0.0,26.6,10.5,3.58,0,6,1
2025-01-12,3,2422.6,38.4,21.9,12.5,1.39,0,6,1
2025-01-12,4,2556.2,0.0,24.7,14.9,2.51,0,6,1
2025-01-12,5,3045.7,0.0,26.9,16.6,5.31,0,6,1
2025-01-12,6,3176.4,41.7,30.6,13.1,4.84,0,6,1
2025-01-12,7,3257.8,174.5,26.7,10.5,4.46,0,6,1
2025-01-12,8,3119.8,368.9,32.6,17.5,3.54,0,6,1
2025-01-12,9,3416.2,640.5,31.6,16.9,4.16,0,6,1
2025-01-12,10,3826.2,649.0,30.6,10.3,4.27,0,6,1
2025-01-12,11,3736.6,739.0,33.7,19.4,5.65,0,6,1
2025-01-12,12,4193.5,981.5,33.4,18.7,6.05,0,6,1
2025-01-12,13,3869.0,731.5,31.7,14.5,5.18,0,6,1
2025-01-12,14,3810.6,859.4,32.5,14.3,5.7,0,6,1
2025-01-12,15,3655.5,691.9,30.8,16.2,5.78,0,6,1
2025-01-12,16,3631.8,242.9,30.7,10.6,7.46,0,6,1
2025-01-12,17,3445.7,151.6,30.5,14.1,4.24,0,6,1
2025-01-12,18,3443.9,143.3,30.9,5.4,6.39,0,6,1
2025-01-12,19,3320.4,0.0,24.5,17.5,5.86,0,6,1
2025-01-12,20,2838.5,0.0,29.3,7.8,3.57,0,6,1
2025-01-12,21,2583.6,55.4,21.0,20.0,3.46,0,6,1
2025-01-12,22,2358.0,94.0,23.4,12.7,2.49,0,6,1
2025-01-12,23,2676.7,0.0,24.2,13.2,3.81,0,6,1
2025-01-13,0,2673.5,0.0,23.5,11.5,4.83,0,0,0
2025-01-13,1,2462.5,170.7,22.0,12.8,3.46,0,0,0
2025-01-13,2,2942.1,208.7,23.3,19.7,18.56,1,0,0
2025-01-13,3,3385.8,117.5,23.6,4.0,4.76,0,0,0
2025-01-13,4,3039.3,10.2,24.4,19.1,3.27,0,0,0
2025-01-13,5,3325.9,0.0,28.2,15.4,5.06,0,0,0
2025-01-13,6,3346.5,0.0,28.6,9.2,6.25,0,0,0
2025-01-13,7,3482.2,295.6,28.0,9.7,4.1,0,0,0
2025-01-13,8,3833.7,500.2,32.1,20.7,5.23,0,0,0
2025-01-13,9,3772.8,804.6,32.1,10.2,5.8,0,0,0
2025-01-13,10,4007.8,857.5,33.8,9.4,5.45,0,0,0
2025-01-13,11,4120.8,689.0,34.0,18.5,5.99,0,0,0
2025-01-13,12,4007.6,1026.2,31.5,15.4,5.68,0,0,0
2025-01-13,13,4328.6,749.6,31.8,10.2,5.86,0,0,0
2025-01-13,14,4096.4,733.3,33.7,14.9,5.74,0,0,0
2025-01-13,15,3926.9,666.4,32.6,9.9,6.73,0,0,0
2025-01-13,16,4056.2,689.5,30.5,18.4,5.31,0,0,0
2025-01-13,17,3663.3,606.1,29.5,18.2,4.25,0,0,0
2025-01-13,18,3673.3,72.8,30.3,16.1,5.5,0,0,0
2025-01-13,19,3498.4,0.0,25.6,15.4,6.1,0,0,0
2025-01-13,20,3527.2,64.1,26.5,21.0,5.4,0,0,0
2025-01-13,21,3260.4,106.5,24.1,14.0,4.48,0,0,0
2025-01-13,22,3035.9,0.0,23.3,9.3,4.45,0,0,0
2025-01-13,23,3084.3,215.4,25.1,15.8,3.02,0,0,0
2025-01-14,0,3474.2,27.6,24.5,22.3,5.79,0,1,0
2025-01-14,1,3302.2,59.7,24.6,9.9,5.31,0,1,0
2025-01-14,2,3225.8,79.9,26.0,12.6,4.54,0,1,0
2025-01-14,3,3052.8,50.6,24.5,15.7,5.26,0,1,0
2025-01-14,4,3200.5,100.7,26.7,13.8,3.91,0,1,0
2025-01-14,5,3471.9,0.0,26.1,10.1,6.38,0,1,0
2025-01-14,6,3573.9,0.0,28.6,18.5,5.91,0,1,0
2025-01-14,7,3818.2,100.9,29.1,23.3,5.99,0,1,0
2025-01-14,8,4030.3,502.7,30.7,14.8,6.44,0,1,0
2025-01-14,9,4272.2,729.9,32.6,10.4,6.79,0,1,0
2025-01-14,10,4298.8,834.4,30.9,7.8,7.77,0,1,0
2025-01-14,11,4502.3,1070.3,36.6,15.0,6.39,0,1,0
2025-01-14,12,4491.3,899.3,31.2,18.4,6.56,0,1,0
2025-01-14,13,4146.2,949.6,30.6,15.9,7.18,0,1,0
2025-01-14,14,4310.6,648.4,34.4,14.0,6.61,0,1,0
2025-01-14,15,4388.8,589.9,33.0,11.6,7.98,0,1,0
2025-01-14,16,4093.7,533.5,31.6,9.6,7.97,0,1,0
2025-01-14,17,4284.8,334.8,30.4,17.3,6.82,0,1,0
2025-01-14,18,4295.6,0.0,28.0,17.7,7.89,0,1,0
2025-01-14,19,4071.2,0.0,25.1,7.8,5.83,0,1,0
2025-01-14,20,3645.2,0.0,25.6,20.4,6.44,0,1,0
2025-01-14,21,3795.2,0.0,23.2,16.3,6.24,0,1,0
2025-01-14,22,3419.0,106.8,25.4,19.6,5.62,0,1,0
2025-01-14,23,3228.2,69.0,22.9,8.6,4.25,0,1,0
2025-01-15,0,3200.5,60.1,21.5,8.5,3.34,0,2,0
2025-01-15,1,3234.3,6.0,22.6,13.4,5.22,0,2,0
2025-01-15,2,3241.0,0.8,24.4,16.0,3.25,0,2,0
2025-01-15,3,3406.5,0.0,23.4,21.2,4.98,0,2,0
2025-01-15,4,3508.0,83.9,24.0,16.8,6.16,0,2,0
2025-01-15,5,3614.3,50.5,27.1,13.0,5.93,0,2,0
2025-01-15,6,3849.1,59.0,28.4,9.9,7.89,0,2,0
2025-01-15,7,4153.0,169.8,28.4,18.9,7.73,0,2,0
2025-01-15,8,4277.9,191.6,29.7,10.1,6.69,0,2,0
2025-01-15,9,3996.4,768.1,32.0,20.5,22.51,1,2,0
2025-01-15,10,3938.6,722.0,29.7,12.9,6.01,0,2,0
2025-01-15,11,4669.8,765.8,30.3,20.4,6.38,0,2,0
2025-01-15,12,4320.5,983.2,31.7,16.7,6.0,0,2,0
2025-01-15,13,4548.3,822.3,32.4,13.5,6.96,0,2,0
2025-01-15,14,4355.9,906.6,32.9,11.9,19.66,1,2,0
2025-01-15,15,4177.3,710.4,34.2,12.6,6.78,0,2,0
2025-01-15,16,4495.8,532.0,32.0,15.7,7.31,0,2,0
2025-01-15,17,4400.4,69.0,29.0,14.3,6.22,0,2,0
2025-01-15,18,4003.2,145.4,28.0,11.6,6.91,0,2,0
2025-01-15,19,3472.3,31.4,24.9,13.3,5.98,0,2,0
2025-01-15,20,3672.2,0.0,25.5,14.3,6.07,0,2,0
2025-01-15,21,3684.2,17.2,23.9,5.5,5.59,0,2,0
2025-01-15,22,3212.9,0.0,24.3,15.8,5.31,0,2,0
2025-01-15,23,3408.8,49.0,21.7,10.1,5.68,0,2,0
2025-01-16,0,3064.6,0.0,23.9,9.4,4.75,0,3,0
2025-01-16,1,3149.5,0.0,25.9,7.3,4.1,0,3,0
2025-01-16,2,3088.9,0.0,23.5,6.8,4.76,0,3,0
2025-01-16,3,2957.2,133.5,25.2,8.6,5.16,0,3,0
2025-01-16,4,3451.0,0.0,26.7,11.2,4.97,0,3,0
2025-01-16,5,3341.7,184.0,26.0,21.8,6.71,0,3,0
2025-01-16,6,3522.1,0.0,28.4,11.9,5.24,0,3,0
2025-01-16,7,3527.3,28.1,29.3,14.7,5.71,0,3,0
2025-01-16,8,3783.7,316.0,30.7,15.6,5.53,0,3,0
2025-01-16,9,3861.0,784.7,30.1,14.5,6.02,0,3,0
2025-01-16,10,4123.7,760.7,32.4,13.7,5.12,0,3,0
2025-01-16,11,4566.3,803.5,33.7,9.2,7.07,0,3,0
2025-01-16,12,4076.2,919.2,35.6,19.8,5.52,0,3,0
2025-01-16,13,4054.8,929.5,34.6,21.2,6.41,0,3,0
2025-01-16,14,4587.9,913.5,36.2,7.3,8.35,0,3,0
2025-01-16,15,4220.5,810.2,30.2,9.9,7.13,0,3,0
2025-01-16,16,4034.4,406.8,32.1,12.9,4.7,0,3,0
2025-01-16,17,4207.4,73.8,29.6,10.1,8.79,0,3,0
2025-01-16,18,3754.5,0.0,31.9,16.0,6.53,0,3,0
2025-01-16,19,4023.9,31.2,25.3,11.1,6.01,0,3,0
2025-01-16,20,3649.0,0.0,24.0,22.7,5.91,0,3,0
2025-01-16,21,3282.4,0.0,23.4,18.8,5.1,0,3,0
2025-01-16,22,3623.9,41.3,19.8,14.9,5.02,0,3,0
2025-01-16,23,3023.3,0.0,22.2,18.1,4.51,0,3,0
2025-01-17,0,2810.5,3.9,21.6,18.4,3.37,0,4,0
2025-01-17,1,2708.6,0.0,23.4,11.7,3.38,0,4,0
2025-01-17,2,2911.2,0.0,24.3,10.7,3.63,0,4,0
2025-01-17,3,3022.9,0.0,27.8,14.3,3.4,0,4,0
2025-01-17,4,2850.9,106.8,27.2,17.4,4.18,0,4,0
2025-01-17,5,2844.1,124.2,25.7,14.6,4.44,0,4,0
2025-01-17,6,3219.3,0.0,26.4,7.7,5.34,0,4,0
2025-01-17,7,3182.8,121.4,30.2,10.8,5.54,0,4,0
2025-01-17,8,3835.4,270.4,28.1,13.7,6.39,0,4,0
2025-01-17,9,3654.3,558.4,34.8,13.7,5.31,0,4,0
2025-01-17,10,3698.6,769.4,34.5,21.9,6.32,0,4,0
2025-01-17,11,3900.9,695.4,32.0,8.5,4.98,0,4,0
2025-01-17,12,3690.1,789.4,29.9,16.0,4.73,0,4,0
2025-01-17,13,3779.9,748.9,35.3,20.0,5.1,0,4,0
2025-01-17,14,4148.7,804.3,32.1,23.1,7.39,0,4,0
2025-01-17,15,3749.4,644.7,33.8,12.4,6.59,0,4,0
2025-01-17,16,3575.9,363.4,27.6,16.0,5.85,0,4,0
2025-01-17,17,3726.3,254.2,28.2,16.3,6.76,0,4,0
2025-01-17,18,3686.4,0.0,28.0,14.8,5.31,0,4,0
2025-01-17,19,3434.2,0.0,26.8,13.6,5.69,0,4,0
2025-01-17,20,3315.8,200.8,24.7,15.7,4.82,0,4,0
2025-01-17,21,2843.5,160.9,25.6,3.9,4.62,0,4,0
2025-01-17,22,2589.2,0.0,21.7,16.7,3.29,0,4,0
2025-01-17,23,3012.1,99.6,22.9,14.5,3.96,0,4,0
2025-01-18,0,2375.3,97.4,23.2,13.1,3.31,0,5,1
2025-01-18,1,2366.1,0.0,24.1,22.2,3.67,0,5,1
2025-01-18,2,2672.5,98.3,25.0,11.3,3.06,0,5,1
2025-01-18,3,2598.5,184.6,22.4,12.4,3.23,0,5,1
2025-01-18,4,2683.7,0.0,22.7,22.0,2.77,0,5,1
2025-01-18,5,3126.0,0.0,29.0,10.7,2.81,0,5,1
2025-01-18,6,2777.2,122.1,28.6,11.8,4.09,0,5,1
2025-01-18,7,3228.3,265.5,27.9,13.4,5.28,0,5,1
2025-01-18,8,3239.8,516.2,33.3,17.4,5.01,0,5,1
2025-01-18,9,3434.6,677.3,31.7,14.8,3.49,0,5,1
2025-01-18,10,3796.0,826.3,34.5,8.8,5.54,0,5,1
2025-01-18,11,3715.6,710.2,33.0,11.9,3.9,0,5,1
2025-01-18,12,3786.0,1025.7,36.7,11.6,6.81,0,5,1
2025-01-18,13,3904.3,1009.7,36.0,13.7,5.09,0,5,1
2025-01-18,14,3623.4,751.9,31.9,15.7,6.41,0,5,1
2025-01-18,15,3473.1,631.2,33.3,15.7,21.28,1,5,1
2025-01-18,16,3332.8,266.3,31.7,6.9,4.43,0,5,1
2025-01-18,17,3032.3,294.6,31.8,18.3,3.56,0,5,1
2025-01-18,18,3599.6,68.6,26.3,15.0,5.98,0,5,1
2025-01-18,19,2862.7,0.0,27.9,19.5,3.52,0,5,1
2025-01-18,20,2853.2,134.9,27.4,15.8,4.13,0,5,1
2025-01-18,21,2686.5,0.0,21.3,18.4,3.19,0,5,1
2025-01-18,22,2657.0,67.8,21.5,15.9,2.04,0,5,1
2025-01-18,23,2645.2,0.0,19.5,19.4,1.64,0,5,1
2025-01-19,0,2675.2,0.0,22.5,16.1,3.77,0,6,1
2025-01-19,1,2393.2,0.0,24.5,13.6,2.59,0,6,1
2025-01-19,2,2490.2,27.0,26.4,23.1,2.86,0,6,1
2025-01-19,3,2636.1,0.0,24.6,17.6,4.14,0,6,1
2025-01-19,4,2643.8,0.0,28.4,16.3,4.67,0,6,1
2025-01-19,5,3112.5,99.1,24.2,8.9,4.32,0,6,1
2025-01-19,6,3068.3,0.0,24.9,8.8,4.27,0,6,1
2025-01-19,7,3280.5,40.1,29.2,15.2,5.53,0,6,1
2025-01-19,8,3435.7,660.0,31.2,14.6,3.96,0,6,1
2025-01-19,9,3684.4,802.2,31.5,11.5,5.66,0,6,1
2025-01-19,10,3640.4,624.4,28.6,14.6,5.87,0,6,1
2025-01-19,11,3477.7,952.1,32.7,20.4,5.5,0,6,1
2025-01-19,12,3848.0,839.6,30.7,16.8,4.24,0,6,1
2025-01-19,13,3680.9,901.0,34.0,9.4,4.88,0,6,1
2025-01-19,14,3680.9,814.7,33.0,13.6,4.82,0,6,1
2025-01-19,15,3816.6,608.3,29.8,10.8,5.95,0,6,1
2025-01-19,16,3830.7,355.9,29.6,12.4,6.48,0,6,1
2025-01-19,17,3477.0,150.1,27.4,12.3,25.88,1,6,1
2025-01-19,18,3372.0,0.0,27.9,12.1,4.92,0,6,1
2025-01-19,19,3454.6,0.0,28.4,9.0,5.12,0,6,1
2025-01-19,20,3023.3,0.0,23.7,13.5,5.32,0,6,1
2025-01-19,21,3291.5,0.0,25.4,11.8,5.29,0,6,1
2025-01-19,22,2790.3,81.8,22.7,2.3,4.8,0,6,1
2025-01-19,23,2268.3,178.5,21.7,22.2,2.76,0,6,1
2025-01-20,0,3007.7,0.0,22.8,18.4,3.41,0,0,0
2025-01-20,1,2918.6,28.7,21.3,12.5,23.24,1,0,0
2025-01-20,2,3104.3,60.0,22.7,14.1,3.25,0,0,0
2025-01-20,3,3058.3,56.6,22.3,9.3,4.91,0,0,0
2025-01-20,4,3015.5,9.1,29.0,20.8,5.51,0,0,0
2025-01-20,5,2954.6,89.1,26.8,21.6,5.77,0,0,0
2025-01-20,6,3294.1,57.9,26.7,14.6,5.73,0,0,0
2025-01-20,7,3346.9,84.4,29.7,18.1,6.18,0,0,0
2025-01-20,8,3563.7,554.3,30.3,14.7,4.91,0,0,0
2025-01-20,9,3930.9,742.9,31.1,8.7,5.14,0,0,0
2025-01-20,10,4260.2,687.8,33.4,12.4,7.59,0,0,0
2025-01-20,11,4134.0,873.9,34.2,14.5,6.85,0,0,0
2025-01-20,12,3912.6,982.0,32.0,12.2,5.95,0,0,0
2025-01-20,13,4230.0,844.2,31.8,13.1,6.97,0,0,0
2025-01-20,14,4343.2,908.2,31.8,13.6,7.12,0,0,0
2025-01-20,15,3953.2,920.1,27.4,13.7,6.87,0,0,0
2025-01-20,16,3935.5,355.7,27.8,14.2,7.3,0,0,0
2025-01-20,17,3827.6,67.2,31.8,9.8,6.83,0,0,0
2025-01-20,18,3527.0,36.5,31.0,11.1,6.41,0,0,0
2025-01-20,19,3616.7,86.6,26.3,8.9,6.14,0,0,0
2025-01-20,20,3310.0,0.0,26.5,17.9,4.76,0,0,0
2025-01-20,21,3250.5,174.4,25.0,5.6,5.41,0,0,0
2025-01-20,22,2880.6,0.0,29.2,18.6,3.16,0,0,0
2025-01-20,23,2858.3,83.2,25.2,19.5,4.87,0,0,0
2025-01-21,0,3354.0,0.0,22.8,12.8,4.14,0,1,0
2025-01-21,1,3134.7,206.3,21.5,3.6,4.63,0,1,0
2025-01-21,2,3534.8,239.1,20.8,12.6,4.56,0,1,0
2025-01-21,3,3217.0,0.0,24.8,13.7,5.31,0,1,0
2025-01-21,4,3432.6,0.0,24.1,10.0,5.29,0,1,0
2025-01-21,5,3694.7,103.2,24.1,11.9,4.54,0,1,0
2025-01-21,6,3428.3,0.0,26.8,20.1,5.74,0,1,0
2025-01-21,7,3534.9,227.5,27.3,16.7,5.01,0,1,0
2025-01-21,8,3745.4,453.0,33.5,10.3,6.68,0,1,0
2025-01-21,9,4404.1,406.0,33.1,7.6,7.44,0,1,0
2025-01-21,10,4212.1,777.8,32.3,12.7,7.01,0,1,0
2025-01-21,11,4875.2,786.6,35.5,13.1,7.49,0,1,0
2025-01-21,12,4378.1,840.8,33.1,16.0,6.57,0,1,0
2025-01-21,13,4535.0,1042.6,31.3,11.9,6.79,0,1,0
2025-01-21,14,4757.3,628.6,35.1,16.0,23.1,1,1,0
2025-01-21,15,4775.8,734.0,32.5,21.7,9.32,0,1,0
2025-01-21,16,4682.5,416.5,28.6,17.3,7.25,0,1,0
2025-01-21,17,4394.3,199.4,29.0,13.8,8.3,0,1,0
2025-01-21,18,4204.4,94.8,26.4,13.3,5.28,0,1,0
2025-01-21,19,3958.5,40.8,24.2,12.6,5.49,0,1,0
2025-01-21,20,3823.7,68.5,27.2,18.7,5.46,0,1,0
2025-01-21,21,3427.6,116.2,27.9,11.5,4.26,0,1,0
2025-01-21,22,3244.9,0.0,21.2,14.2,3.53,0,1,0
2025-01-21,23,3288.3,0.0,24.2,14.2,5.33,0,1,0
2025-01-22,0,3280.2,0.0,21.8,12.0,12.92,1,2,0
2025-01-22,1,3207.1,0.0,22.3,8.5,5.06,0,2,0
2025-01-22,2,3436.2,353.9,22.6,15.3,5.54,0,2,0
2025-01-22,3,3547.8,149.4,22.9,13.8,5.62,0,2,0
2025-01-22,4,3495.0,0.0,25.6,16.0,6.03,0,2,0
2025-01-22,5,3879.7,0.0,25.2,11.9,6.28,0,2,0
2025-01-22,6,3565.0,57.8,28.5,18.9,4.76,0,2,0
2025-01-22,7,3903.9,298.6,29.2,10.5,7.14,0,2,0
2025-01-22,8,3977.9,515.9,30.1,20.8,5.84,0,2,0
2025-01-22,9,3927.7,605.8,29.9,7.0,5.37,0,2,0
2025-01-22,10,4383.5,764.4,31.3,15.7,6.9,0,2,0
2025-01-22,11,4479.7,908.7,34.2,15.9,6.51,0,2,0
2025-01-22,12,4839.0,910.3,33.9,10.8,7.69,0,2,0
2025-01-22,13,4702.3,603.0,31.1,15.7,8.15,0,2,0
2025-01-22,14,4382.2,751.8,32.5,19.1,15.65,1,2,0
2025-01-22,15,4835.4,534.2,32.9,5.1,7.56,0,2,0
2025-01-22,16,4618.1,471.0,27.5,16.0,7.28,0,2,0
2025-01-22,17,4368.5,591.2,30.3,4.0,7.98,0,2,0
2025-01-22,18,4066.2,44.1,26.8,10.1,7.17,0,2,0
2025-01-22,19,3766.0,0.0,27.7,20.5,17.99,1,2,0
2025-01-22,20,3703.5,110.6,24.1,11.7,6.77,0,2,0
2025-01-22,21,3809.7,57.9,21.2,9.3,6.91,0,2,0
2025-01-22,22,3818.3,50.4,20.7,13.2,4.9,0,2,0
2025-01-22,23,3653.6,72.8,23.3,22.3,6.32,0,2,0
2025-01-23,0,2979.4,246.8,23.5,6.7,4.06,0,3,0
2025-01-23,1,2843.7,0.0,21.5,9.8,3.49,0,3,0
2025-01-23,2,3092.8,56.8,24.8,20.0,4.68,0,3,0
2025-01-23,3,2814.0,0.0,21.5,21.4,4.62,0,3,0
2025-01-23,4,3293.8,66.7,25.4,13.6,5.4,0,3,0
2025-01-23,5,3343.7,0.0,24.5,9.0,4.43,0,3,0
2025-01-23,6,3443.1,0.0,26.8,22.4,6.03,0,3,0
2025-01-23,7,3408.2,197.5,29.4,20.4,4.78,0,3,0
2025-01-23,8,3955.9,567.1,29.0,16.7,6.36,0,3,0
2025-01-23,9,3924.4,746.6,30.8,10.8,5.79,0,3,0
2025-01-23,10,3944.3,629.9,34.1,13.8,6.11,0,3,0
2025-01-23,11,3741.2,875.9,31.8,13.4,6.18,0,3,0
2025-01-23,12,4318.1,814.9,34.5,15.3,6.14,0,3,0
2025-01-23,13,4664.3,718.3,30.8,19.8,9.24,0,3,0
2025-01-23,14,4622.1,753.4,33.3,17.5,6.19,0,3,0
2025-01-23,15,4175.9,599.4,34.1,9.7,6.34,0,3,0
2025-01-23,16,4046.5,741.2,26.1,19.5,6.44,0,3,0
2025-01-23,17,4104.6,284.9,27.9,15.3,7.16,0,3,0
2025-01-23,18,3683.8,0.0,29.0,16.7,5.96,0,3,0
2025-01-23,19,3749.6,0.0,26.3,19.9,6.05,0,3,0
2025-01-23,20,3664.9,122.6,26.2,9.6,6.13,0,3,0
2025-01-23,21,3591.1,250.6,23.4,13.9,5.25,0,3,0
2025-01-23,22,3217.6,0.0,23.8,11.9,5.95,0,3,0
2025-01-23,23,3095.7,0.0,22.9,7.7,5.2,0,3,0
2025-01-24,0,2518.9,224.5,25.1,15.4,3.86,0,4,0
2025-01-24,1,2505.9,46.8,23.6,24.0,2.45,0,4,0
2025-01-24,2,2636.1,0.0,24.3,6.6,3.51,0,4,0
2025-01-24,3,2808.0,64.2,23.7,13.9,3.64,0,4,0
2025-01-24,4,3009.6,0.0,24.6,16.6,3.6,0,4,0
2025-01-24,5,2835.2,0.4,25.9,14.5,4.35,0,4,0
2025-01-24,6,3405.2,39.3,28.7,13.5,4.95,0,4,0
2025-01-24,7,3256.0,343.8,28.5,8.8,5.33,0,4,0
2025-01-24,8,3469.1,328.3,31.0,14.9,4.52,0,4,0
2025-01-24,9,3495.3,646.7,35.3,11.0,6.7,0,4,0
2025-01-24,10,3328.0,668.4,33.9,5.2,4.18,0,4,0
2025-01-24,11,4026.8,900.0,32.2,18.8,6.36,0,4,0
2025-01-24,12,4065.2,792.6,35.2,17.8,7.09,0,4,0
2025-01-24,13,3904.1,820.4,32.1,14.2,5.52,0,4,0
2025-01-24,14,3944.7,659.9,28.7,14.9,6.76,0,4,0
2025-01-24,15,3960.5,714.5,29.7,18.3,5.12,0,4,0
2025-01-24,16,3483.1,553.0,27.1,14.9,15.35,1,4,0
2025-01-24,17,3534.5,204.8,28.7,17.6,5.55,0,4,0
2025-01-24,18,3616.0,4.6,28.0,12.8,5.38,0,4,0
2025-01-24,19,3079.0,0.0,29.7,19.2,4.49,0,4,0
2025-01-24,20,3189.4,0.0,26.1,15.3,5.5,0,4,0
2025-01-24,21,2735.6,0.0,24.1,14.8,3.31,0,4,0
2025-01-24,22,2929.1,314.5,25.2,8.9,3.39,0,4,0
2025-01-24,23,2735.4,0.0,19.2,15.1,3.43,0,4,0
2025-01-25,0,2142.7,175.7,23.4,10.7,21.46,1,5,1
2025-01-25,1,2620.9,119.6,24.6,11.4,4.91,0,5,1
2025-01-25,2,2301.2,33.7,21.0,10.7,2.24,0,5,1
2025-01-25,3,2352.5,211.0,26.5,9.7,3.52,0,5,1
2025-01-25,4,2637.8,44.7,26.1,22.5,3.77,0,5,1
2025-01-25,5,2943.0,46.7,26.0,19.3,3.48,0,5,1
2025-01-25,6,2710.2,0.0,29.1,21.7,3.9,0,5,1
2025-01-25,7,3072.4,379.8,33.4,9.1,5.17,0,5,1
2025-01-25,8,3306.7,581.6,30.8,14.3,4.66,0,5,1
2025-01-25,9,3511.0,561.3,32.0,8.8,6.27,0,5,1
2025-01-25,10,3552.7,621.1,31.5,11.2,6.16,0,5,1
2025-01-25,11,3558.1,845.0,31.3,10.3,5.9,0,5,1
2025-01-25,12,3540.2,804.0,34.5,19.0,4.9,0,5,1
2025-01-25,13,3726.8,861.7,31.3,12.4,4.66,0,5,1
2025-01-25,14,3496.1,927.9,32.5,18.3,4.51,0,5,1
2025-01-25,15,3098.4,581.5,30.7,16.4,4.5,0,5,1
2025-01-25,16,3599.5,444.9,31.4,23.2,6.02,0,5,1
2025-01-25,17,3549.0,239.9,29.9,8.1,3.84,0,5,1
2025-01-25,18,2804.2,101.8,29.9,19.0,4.05,0,5,1
2025-01-25,19,2879.5,0.0,25.8,18.6,4.28,0,5,1
2025-01-25,20,3004.5,0.0,25.0,10.1,4.18,0,5,1
2025-01-25,21,3106.6,25.4,22.7,18.0,5.56,0,5,1
2025-01-25,22,2605.4,144.0,22.9,15.3,3.67,0,5,1
2025-01-25,23,2367.3,0.0,23.8,13.1,4.01,0,5,1
2025-01-26,0,2487.4,0.0,24.4,10.7,3.07,0,6,1
2025-01-26,1,2745.7,74.4,21.5,11.1,4.4,0,6,1
2025-01-26,2,2404.1,0.0,25.2,22.2,4.4,0,6,1
2025-01-26,3,2441.4,0.0,26.9,14.0,4.28,0,6,1
2025-01-26,4,2601.7,0.0,26.2,17.1,2.69,0,6,1
2025-01-26,5,2651.6,0.0,30.1,10.8,3.6,0,6,1
2025-01-26,6,3002.0,0.0,26.6,10.9,4.18,0,6,1
2025-01-26,7,3440.6,0.0,27.1,18.3,5.83,0,6,1
2025-01-26,8,3374.6,557.6,27.3,8.6,5.4,0,6,1
2025-01-26,9,3427.8,789.4,34.2,12.3,4.36,0,6,1
2025-01-26,10,3555.3,857.6,33.5,14.1,5.28,0,6,1
2025-01-26,11,3429.7,732.8,32.7,14.4,3.41,0,6,1
2025-01-26,12,3935.0,875.8,33.5,13.3,7.2,0,6,1
2025-01-26,13,3784.2,868.6,30.8,15.6,5.22,0,6,1
2025-01-26,14,3743.5,851.3,36.7,16.8,5.81,0,6,1
2025-01-26,15,4285.9,716.6,31.8,16.9,6.64,0,6,1
2025-01-26,16,3661.6,361.9,30.7,10.1,6.68,0,6,1
2025-01-26,17,3337.9,242.8,30.6,12.9,2.87,0,6,1
2025-01-26,18,3239.7,54.9,28.9,18.8,5.0,0,6,1
2025-01-26,19,3354.9,174.7,27.1,17.6,5.03,0,6,1
2025-01-26,20,3000.3,84.5,24.1,8.5,3.93,0,6,1
2025-01-26,21,2564.3,94.7,25.3,15.4,4.75,0,6,1
2025-01-26,22,2854.0,10.1,27.1,6.1,3.43,0,6,1
2025-01-26,23,2465.0,169.3,25.6,14.2,3.72,0,6,1
2025-01-27,0,3209.3,49.2,25.9,21.6,5.13,0,0,0
2025-01-27,1,3044.4,0.0,22.3,10.2,5.41,0,0,0
2025-01-27,2,2791.6,168.4,21.9,10.7,3.16,0,0,0
2025-01-27,3,3167.7,83.7,24.2,17.1,4.08,0,0,0
2025-01-27,4,3052.6,0.0,25.6,7.8,5.41,0,0,0
2025-01-27,5,3328.5,0.0,28.7,11.5,5.59,0,0,0
2025-01-27,6,3419.0,35.6,25.0,16.4,4.05,0,0,0
2025-01-27,7,3347.7,288.5,32.0,11.5,4.74,0,0,0
2025-01-27,8,3552.4,473.7,30.2,13.1,5.72,0,0,0
2025-01-27,9,4010.4,673.8,30.8,17.0,6.95,0,0,0
2025-01-27,10,3899.4,983.4,30.5,15.7,5.24,0,0,0
2025-01-27,11,3990.3,997.9,29.9,15.1,3.61,0,0,0
2025-01-27,12,3955.9,922.9,34.5,12.6,6.51,0,0,0
2025-01-27,13,4226.2,982.3,33.0,15.5,5.61,0,0,0
2025-01-27,14,4499.1,655.5,30.0,13.5,5.73,0,0,0
2025-01-27,15,3870.8,684.1,29.2,15.8,3.64,0,0,0
2025-01-27,16,3964.0,667.1,29.9,12.0,6.8,0,0,0
2025-01-27,17,4079.2,206.8,32.3,13.3,6.96,0,0,0
2025-01-27,18,3653.9,0.0,27.5,10.0,5.74,0,0,0
2025-01-27,19,3581.4,0.0,24.0,13.9,6.75,0,0,0
2025-01-27,20,3140.5,0.0,25.1,10.8,5.22,0,0,0
2025-01-27,21,3252.1,0.0,24.0,9.5,6.21,0,0,0
2025-01-27,22,3006.7,0.0,18.8,15.0,3.08,0,0,0
2025-01-27,23,3114.5,0.0,23.1,14.9,4.55,0,0,0
2025-01-28,0,3437.7,1.9,22.6,17.1,3.98,0,1,0
2025-01-28,1,3667.9,108.3,24.4,12.3,5.57,0,1,0
2025-01-28,2,3328.3,0.0,27.0,15.6,24.6,1,1,0
2025-01-28,3,3347.6,182.3,26.5,16.2,5.57,0,1,0
2025-01-28,4,3427.2,61.3,25.0,15.8,5.32,0,1,0
2025-01-28,5,3463.3,123.7,24.7,10.7,5.8,0,1,0
2025-01-28,6,3744.5,0.0,32.6,14.6,6.86,0,1,0
2025-01-28,7,3798.7,335.5,29.4,15.5,7.76,0,1,0
2025-01-28,8,4050.4,319.0,30.5,14.0,6.39,0,1,0
2025-01-28,9,4414.0,743.2,31.5,5.7,6.39,0,1,0
2025-01-28,10,4130.3,800.0,32.7,14.6,6.71,0,1,0
2025-01-28,11,4619.9,935.7,32.6,22.9,6.83,0,1,0
2025-01-28,12,4716.8,758.9,32.0,12.6,8.99,0,1,0
2025-01-28,13,4480.6,761.9,31.8,11.1,7.06,0,1,0
2025-01-28,14,4097.7,851.1,32.3,15.5,5.93,0,1,0
2025-01-28,15,4305.3,522.6,30.6,15.2,6.67,0,1,0
2025-01-28,16,4544.9,505.6,29.2,18.8,8.11,0,1,0
2025-01-28,17,4172.7,68.9,29.5,9.0,6.95,0,1,0
2025-01-28,18,3840.2,101.8,27.5,16.9,5.74,0,1,0
2025-01-28,19,3761.0,0.0,29.4,16.4,7.56,0,1,0
2025-01-28,20,3834.9,66.3,20.7,13.4,5.34,0,1,0
2025-01-28,21,3625.2,75.1,26.4,15.4,5.79,0,1,0
2025-01-28,22,3349.2,0.0,25.9,18.1,5.72,0,1,0
2025-01-28,23,3222.9,69.8,19.4,17.5,3.33,0,1,0
2025-01-29,0,3240.3,31.3,22.4,9.4,5.19,0,2,0
2025-01-29,1,3122.7,0.0,22.5,17.3,3.73,0,2,0
2025-01-29,2,3601.6,0.0,21.1,13.7,6.24,0,2,0
2025-01-29,3,3317.8,0.0,23.1,14.3,4.26,0,2,0
2025-01-29,4,3698.2,42.0,23.5,14.3,6.4,0,2,0
2025-01-29,5,3887.6,0.0,29.9,13.4,7.4,0,2,0
2025-01-29,6,3950.2,11.4,29.7,18.8,7.33,0,2,0
2025-01-29,7,3861.0,201.3,31.6,13.7,6.56,0,2,0
2025-01-29,8,4179.6,531.5,31.8,9.5,6.62,0,2,0
2025-01-29,9,4259.4,600.2,29.5,12.4,6.38,0,2,0
2025-01-29,10,4235.7,739.9,31.4,14.7,7.92,0,2,0
2025-01-29,11,4560.0,957.2,33.7,18.9,6.81,0,2,0
2025-01-29,12,4354.3,940.2,30.8,16.4,6.0,0,2,0
2025-01-29,13,4802.5,907.3,34.1,10.6,8.49,0,2,0
2025-01-29,14,4482.9,835.7,31.9,23.9,6.59,0,2,0
2025-01-29,15,4537.8,452.1,30.9,15.1,6.86,0,2,0
2025-01-29,16,4449.3,540.8,31.8,19.1,6.23,0,2,0
2025-01-29,17,4217.1,306.4,30.1,13.4,6.62,0,2,0
2025-01-29,18,4212.6,0.0,27.4,16.1,7.08,0,2,0
2025-01-29,19,3853.2,0.0,28.8,17.4,6.6,0,2,0
2025-01-29,20,3927.3,0.0,23.6,18.9,7.15,0,2,0
2025-01-29,21,3371.4,0.0,25.6,18.2,5.65,0,2,0
2025-01-29,22,3501.8,40.1,24.7,17.5,5.31,0,2,0
2025-01-29,23,3724.8,171.8,22.6,12.7,5.61,0,2,0
2025-01-30,0,2887.3,129.8,23.6,11.7,4.4,0,3,0
2025-01-30,1,2923.3,0.0,20.9,15.3,5.1,0,3,0
2025-01-30,2,3159.9,74.6,25.3,17.7,4.8,0,3,0
2025-01-30,3,3164.7,159.5,24.1,13.1,4.22,0,3,0
2025-01-30,4,3298.7,46.4,24.6,18.3,4.21,0,3,0
2025-01-30,5,3458.3,130.9,28.6,19.8,4.27,0,3,0
2025-01-30,6,3641.3,241.5,26.7,10.3,6.21,0,3,0
2025-01-30,7,3895.0,355.8,26.8,10.7,6.6,0,3,0
2025-01-30,8,3937.2,479.9,27.7,13.4,6.63,0,3,0
2025-01-30,9,3976.8,761.8,32.6,15.2,6.1,0,3,0
2025-01-30,10,4275.9,796.8,30.0,11.9,19.84,1,3,0
2025-01-30,11,4600.1,872.2,36.0,19.4,7.21,0,3,0
2025-01-30,12,4299.2,857.8,29.3,15.7,7.48,0,3,0
2025-01-30,13,4169.8,1056.9,35.9,14.2,6.47,0,3,0
2025-01-30,14,4522.4,681.2,32.7,8.3,6.98,0,3,0
2025-01-30,15,4236.5,820.3,31.4,8.7,7.16,0,3,0
2025-01-30,16,3763.8,510.0,29.5,15.1,6.15,0,3,0
2025-01-30,17,4172.8,65.0,30.0,5.5,7.38,0,3,0
2025-01-30,18,3767.1,44.1,27.9,18.1,6.22,0,3,0
2025-01-30,19,3679.0,0.0,28.7,13.4,5.99,0,3,0
2025-01-30,20,3586.8,75.1,25.7,27.0,7.56,0,3,0
2025-01-30,21,3404.5,106.2,24.7,23.2,6.14,0,3,0
2025-01-30,22,3363.3,0.0,23.0,13.3,5.7,0,3,0
2025-01-30,23,3053.9,14.8,23.1,13.6,4.52,0,3,0
2025-01-31,0,2769.3,234.5,23.6,18.0,4.45,0,4,0
2025-01-31,1,2608.0,0.0,20.1,20.8,3.78,0,4,0
2025-01-31,2,2809.9,0.0,21.2,7.4,3.87,0,4,0
2025-01-31,3,2852.6,177.8,25.8,6.9,3.71,0,4,0
2025-01-31,4,2676.8,235.5,25.8,11.5,3.46,0,4,0
2025-01-31,5,3175.2,0.4,26.4,16.3,2.29,0,4,0
2025-01-31,6,3040.0,121.4,28.0,16.0,4.66,0,4,0
2025-01-31,7,3450.2,393.9,29.9,18.3,4.85,0,4,0
2025-01-31,8,3539.1,360.9,29.5,9.2,6.72,0,4,0
2025-01-31,9,3960.6,578.2,30.1,4.7,27.14,1,4,0
2025-01-31,10,3724.1,927.1,32.7,17.4,4.56,0,4,0
2025-01-31,11,3804.8,1071.5,31.1,10.7,5.48,0,4,0
2025-01-31,12,3929.1,967.5,33.7,5.9,5.13,0,4,0
2025-01-31,13,3900.2,763.8,29.8,14.6,6.31,0,4,0
2025-01-31,14,4076.6,1017.9,34.2,17.2,6.5,0,4,0
2025-01-31,15,3576.7,572.7,32.4,13.5,6.23,0,4,0
2025-01-31,16,3574.7,409.8,31.0,12.2,4.91,0,4,0
2025-01-31,17,3437.5,274.0,31.1,13.4,16.77,1,4,0
2025-01-31,18,3644.0,186.5,31.0,12.5,4.78,0,4,0
2025-01-31,19,3612.7,102.5,28.5,8.6,6.35,0,4,0
2025-01-31,20,3117.7,49.8,22.2,11.1,4.93,0,4,0
2025-01-31,21,2949.4,55.6,22.2,16.1,4.54,0,4,0
2025-01-31,22,2857.7,5.2,22.5,15.3,3.99,0,4,0
2025-01-31,23,2951.0,67.0,23.2,14.7,4.5,0,4,0
2025-02-01,0,2266.5,0.0,23.9,10.0,4.03,0,5,1
2025-02-01,1,2454.2,0.0,21.9,13.3,2.86,0,5,1
2025-02-01,2,2609.0,29.0,24.0,5.3,3.59,0,5,1
2025-02-01,3,2588.6,0.0,23.1,14.7,2.55,0,5,1
2025-02-01,4,2635.8,46.4,24.4,19.7,2.84,0,5,1
2025-02-01,5,2916.5,0.0,24.2,8.1,4.26,0,5,1
2025-02-01,6,2406.5,210.7,26.3,11.7,3.85,0,5,1
2025-02-01,7,3183.3,421.7,26.9,15.3,4.32,0,5,1
2025-02-01,8,3111.8,394.1,28.7,19.0,15.37,1,5,1
2025-02-01,9,3056.8,618.3,33.4,12.2,3.99,0,5,1
2025-02-01,10,3612.9,770.5,30.6,11.2,4.9,0,5,1
2025-02-01,11,3871.5,815.1,37.6,6.1,6.34,0,5,1
2025-02-01,12,3664.4,923.4,33.9,14.4,16.96,1,5,1
2025-02-01,13,3882.8,778.3,33.2,22.2,7.02,0,5,1
2025-02-01,14,3979.3,643.7,30.8,15.1,5.7,0,5,1
2025-02-01,15,3860.9,711.1,32.8,13.9,6.57,0,5,1
2025-02-01,16,3816.1,525.5,29.5,15.3,4.91,0,5,1
2025-02-01,17,3519.9,136.4,29.5,14.0,6.12,0,5,1
2025-02-01,18,3243.1,107.4,32.6,10.7,5.65,0,5,1
2025-02-01,19,2772.9,0.0,26.5,17.3,4.26,0,5,1
2025-02-01,20,2848.8,30.4,27.6,14.9,3.33,0,5,1
2025-02-01,21,2584.5,98.4,23.2,14.1,3.54,0,5,1
2025-02-01,22,2992.4,0.0,23.6,10.1,11.63,1,5,1
2025-02-01,23,2466.7,54.6,26.4,19.2,3.02,0,5,1
2025-02-02,0,2542.5,0.0,21.9,16.7,4.1,0,6,1
2025-02-02,1,2597.4,0.0,26.4,11.8,4.2,0,6,1
2025-02-02,2,2528.2,0.0,24.9,18.0,3.37,0,6,1
2025-02-02,3,2890.4,0.0,23.5,12.0,3.32,0,6,1
2025-02-02,4,2576.5,0.0,26.6,10.9,4.04,0,6,1
2025-02-02,5,2858.2,0.0,28.5,11.0,4.22,0,6,1
2025-02-02,6,2846.3,0.0,29.1,6.9,2.34,0,6,1
2025-02-02,7,2910.6,198.8,26.5,15.9,4.72,0,6,1
2025-02-02,8,3206.3,419.3,29.2,6.7,4.64,0,6,1
2025-02-02,9,3466.5,607.4,31.1,9.1,6.11,0,6,1
2025-02-02,10,3530.5,772.0,32.2,5.7,4.32,0,6,1
2025-02-02,11,3586.5,926.9,33.9,13.7,2.72,0,6,1
2025-02-02,12,3522.9,1004.9,33.3,13.4,5.26,0,6,1
2025-02-02,13,3783.2,791.4,30.4,12.7,17.63,1,6,1
2025-02-02,14,3505.2,635.0,33.0,9.8,3.93,0,6,1
2025-02-02,15,3847.9,511.4,32.6,9.3,5.34,0,6,1
2025-02-02,16,3622.6,391.5,31.5,15.9,7.88,0,6,1
2025-02-02,17,3210.8,190.7,31.2,11.8,4.68,0,6,1
2025-02-02,18,3260.8,0.0,29.5,15.3,5.71,0,6,1
2025-02-02,19,3012.8,0.0,27.5,10.5,3.99,0,6,1
2025-02-02,20,3037.4,0.0,25.4,14.7,2.82,0,6,1
2025-02-02,21,3064.5,21.8,21.5,19.2,4.26,0,6,1
2025-02-02,22,2351.0,71.4,24.4,16.3,2.68,0,6,1
2025-02-02,23,2606.0,0.0,23.5,12.4,16.59,1,6,1
2025-02-03,0,2843.3,0.0,23.5,15.0,3.91,0,0,0
2025-02-03,1,2970.8,0.0,20.9,13.0,4.4,0,0,0
2025-02-03,2,2910.5,0.0,21.7,14.0,3.96,0,0,0
2025-02-03,3,2801.7,0.0,26.4,12.7,3.0,0,0,0
2025-02-03,4,2983.0,68.8,25.4,13.3,4.71,0,0,0
2025-02-03,5,3031.7,0.0,27.9,14.8,3.01,0,0,0
2025-02-03,6,3525.4,0.0,28.1,10.0,4.02,0,0,0
2025-02-03,7,3503.8,269.1,29.3,9.9,6.03,0,0,0
2025-02-03,8,4010.4,472.1,32.2,8.4,6.9,0,0,0
2025-02-03,9,3814.1,959.6,30.6,7.6,5.57,0,0,0
2025-02-03,10,3832.1,821.4,32.5,9.1,4.71,0,0,0
2025-02-03,11,3790.4,748.8,32.0,14.6,5.21,0,0,0
2025-02-03,12,3803.3,888.5,32.2,10.4,5.49,0,0,0
2025-02-03,13,3864.9,656.2,32.3,16.1,4.75,0,0,0
2025-02-03,14,4175.9,769.8,32.7,14.1,6.05,0,0,0
2025-02-03,15,4154.5,536.4,30.7,6.1,7.23,0,0,0
2025-02-03,16,3675.0,559.8,32.8,16.6,6.85,0,0,0
2025-02-03,17,3986.1,167.0,27.7,17.2,6.19,0,0,0
2025-02-03,18,3581.3,0.0,27.7,10.0,6.37,0,0,0
2025-02-03,19,3526.4,0.0,25.9,15.7,4.05,0,0,0
2025-02-03,20,3622.0,208.7,28.1,10.6,6.23,0,0,0
2025-02-03,21,3336.4,0.0,24.8,14.4,4.49,0,0,0
2025-02-03,22,2992.0,219.9,25.5,8.9,4.47,0,0,0
2025-02-03,23,2776.7,97.7,20.5,6.8,3.47,0,0,0
2025-02-04,0,2836.6,57.8,23.5,12.5,4.99,0,1,0
2025-02-04,1,3072.4,44.2,24.8,13.5,3.81,0,1,0
2025-02-04,2,3186.0,47.3,23.8,12.4,5.23,0,1,0
2025-02-04,3,3111.2,0.0,26.4,9.3,4.46,0,1,0
2025-02-04,4,3368.6,0.0,24.6,12.4,5.06,0,1,0
2025-02-04,5,3540.7,101.4,29.2,15.1,5.5,0,1,0
2025-02-04,6,3643.1,0.0,32.1,13.8,5.38,0,1,0
2025-02-04,7,3734.8,64.3,28.6,14.7,6.08,0,1,0
2025-02-04,8,4050.4,443.7,29.7,11.3,24.1,1,1,0
2025-02-04,9,4256.4,840.9,34.2,18.7,7.0,0,1,0
2025-02-04,10,4115.2,929.0,35.2,9.3,6.53,0,1,0
2025-02-04,11,4668.7,861.9,31.9,16.0,8.26,0,1,0
2025-02-04,12,4461.9,1014.2,32.2,18.7,7.79,0,1,0
2025-02-04,13,4505.2,825.4,32.3,15.9,6.46,0,1,0
2025-02-04,14,4607.2,575.0,29.9,13.2,8.34,0,1,0
2025-02-04,15,4456.7,525.5,29.9,11.9,6.4,0,1,0
2025-02-04,16,4483.0,637.5,28.7,18.1,7.75,0,1,0
2025-02-04,17,4228.5,200.1,27.9,8.3,7.54,0,1,0
2025-02-04,18,3909.8,0.0,27.9,10.1,4.97,0,1,0
2025-02-04,19,3916.9,0.0,27.1,12.4,6.56,0,1,0
2025-02-04,20,3477.7,228.5,28.3,19.0,5.0,0,1,0
2025-02-04,21,3546.4,195.1,22.7,15.5,4.75,0,1,0
2025-02-04,22,3386.2,266.3,25.4,10.1,6.13,0,1,0
2025-02-04,23,3251.4,0.0,22.8,12.8,4.35,0,1,0
2025-02-05,0,3287.7,35.5,22.9,11.5,4.28,0,2,0
2025-02-05,1,2950.0,0.0,24.4,11.2,4.32,0,2,0
2025-02-05,2,3212.1,177.2,21.6,17.9,5.15,0,2,0
2025-02-05,3,3392.5,0.0,25.2,8.5,5.15,0,2,0
2025-02-05,4,3507.9,26.0,25.8,20.4,6.45,0,2,0
2025-02-05,5,3428.7,0.0,27.6,17.3,5.85,0,2,0
2025-02-05,6,3998.3,0.0,28.5,18.4,4.97,0,2,0
2025-02-05,7,3782.8,132.5,33.7,12.1,5.89,0,2,0
2025-02-05,8,4281.5,377.1,29.4,13.4,6.62,0,2,0
2025-02-05,9,4340.6,571.7,30.6,8.3,7.47,0,2,0
2025-02-05,10,4282.0,713.6,31.2,11.9,4.76,0,2,0
2025-02-05,11,4821.2,969.3,31.8,16.0,9.9,1,2,0
2025-02-05,12,4351.7,767.4,31.9,19.2,7.42,0,2,0
2025-02-05,13,4754.2,895.8,35.0,9.6,8.01,0,2,0
2025-02-05,14,4746.7,925.6,34.9,12.5,8.79,0,2,0
2025-02-05,15,4380.9,574.8,30.5,13.4,9.04,0,2,0
2025-02-05,16,4649.0,363.8,29.0,8.4,8.57,0,2,0
2025-02-05,17,4218.7,205.3,30.1,16.4,7.85,0,2,0
2025-02-05,18,4158.9,141.6,27.0,11.1,7.01,0,2,0
2025-02-05,19,3985.6,23.3,27.8,13.2,6.53,0,2,0
2025-02-05,20,3746.3,0.0,25.9,12.2,5.69,0,2,0
2025-02-05,21,3759.7,58.1,21.7,10.8,5.24,0,2,0
2025-02-05,22,3621.9,0.0,26.5,14.0,5.26,0,2,0
2025-02-05,23,3061.1,81.8,26.4,13.1,3.43,0,2,0
2025-02-06,0,3302.2,49.0,21.9,12.5,19.34,1,3,0
2025-02-06,1,2746.0,0.0,22.5,11.1,2.4,0,3,0
2025-02-06,2,3253.3,0.0,24.2,15.3,5.08,0,3,0
2025-02-06,3,3335.1,0.0,25.1,20.6,5.11,0,3,0
2025-02-06,4,3039.3,64.2,26.7,14.6,4.61,0,3,0
2025-02-06,5,3296.3,147.5,30.3,18.0,4.7,0,3,0
2025-02-06,6,3328.0,0.0,27.7,8.4,7.67,0,3,0
2025-02-06,7,3656.6,287.9,27.9,14.6,6.8,0,3,0
2025-02-06,8,3808.0,199.6,28.0,9.6,5.12,0,3,0
2025-02-06,9,4160.6,566.2,30.2,8.1,6.86,0,3,0
2025-02-06,10,4390.7,775.7,32.3,11.0,6.6,0,3,0
2025-02-06,11,4509.4,760.2,36.1,18.8,6.68,0,3,0
2025-02-06,12,4221.9,787.6,32.1,17.8,5.63,0,3,0
2025-02-06,13,4307.6,789.2,33.2,15.0,7.27,0,3,0
2025-02-06,14,4020.1,814.5,32.3,7.9,5.7,0,3,0
2025-02-06,15,4113.1,613.9,33.7,13.2,7.43,0,3,0
2025-02-06,16,4328.5,181.4,35.0,15.2,8.32,0,3,0
2025-02-06,17,4311.1,0.0,28.3,14.7,8.5,0,3,0
2025-02-06,18,3641.3,0.0,27.1,6.6,5.2,0,3,0
2025-02-06,19,3588.6,54.9,28.6,10.4,6.15,0,3,0
2025-02-06,20,3522.3,0.0,26.7,13.7,6.11,0,3,0
2025-02-06,21,3420.7,0.0,27.8,16.1,5.04,0,3,0
2025-02-06,22,3089.9,0.0,24.7,5.2,3.97,0,3,0
2025-02-06,23,3208.7,166.6,22.5,13.4,5.92,0,3,0
2025-02-07,0,2591.6,0.0,24.1,14.6,3.65,0,4,0
2025-02-07,1,2652.2,46.0,25.2,17.4,4.11,0,4,0
2025-02-07,2,2775.2,17.0,25.1,16.8,3.23,0,4,0
2025-02-07,3,2743.0,0.0,25.4,16.3,2.87,0,4,0
2025-02-07,4,2766.6,92.2,27.4,10.8,3.44,0,4,0
2025-02-07,5,2960.0,25.8,28.8,6.4,4.32,0,4,0
2025-02-07,6,3120.6,61.0,30.5,12.4,3.95,0,4,0
2025-02-07,7,3238.2,704.1,30.5,18.0,4.54,0,4,0
2025-02-07,8,3426.4,199.9,30.2,19.6,4.0,0,4,0
2025-02-07,9,3917.5,843.4,31.8,16.8,5.08,0,4,0
2025-02-07,10,3865.3,744.9,34.5,15.7,6.57,0,4,0
2025-02-07,11,3814.5,903.8,31.4,15.5,6.17,0,4,0
2025-02-07,12,4058.1,894.5,33.7,11.8,6.0,0,4,0
2025-02-07,13,3894.7,818.4,32.1,13.5,5.14,0,4,0
2025-02-07,14,4143.8,711.0,32.4,20.7,26.72,1,4,0
2025-02-07,15,3934.2,675.9,33.8,10.2,5.92,0,4,0
2025-02-07,16,3745.1,267.9,30.8,20.5,6.54,0,4,0
2025-02-07,17,3710.3,323.0,29.4,12.7,6.6,0,4,0
2025-02-07,18,3190.2,0.0,25.6,19.3,4.44,0,4,0
2025-02-07,19,3101.9,0.0,28.0,8.4,3.8,0,4,0
2025-02-07,20,2921.6,0.0,26.7,16.3,4.49,0,4,0
2025-02-07,21,3005.5,150.9,28.4,11.1,3.75,0,4,0
2025-02-07,22,3157.0,0.0,23.1,8.3,4.26,0,4,0
2025-02-07,23,3143.5,43.0,23.6,14.9,5.69,0,4,0
2025-02-08,0,2548.3,0.0,23.4,18.0,4.01,0,5,1
2025-02-08,1,2501.4,91.0,26.0,10.6,3.39,0,5,1
2025-02-08,2,2109.2,82.3,23.5,8.0,1.3,0,5,1
2025-02-08,3,2400.7,221.8,25.0,13.6,3.07,0,5,1
2025-02-08,4,2459.9,0.0,26.6,13.7,4.11,0,5,1
2025-02-08,5,2624.5,80.2,27.0,16.2,3.28,0,5,1
2025-02-08,6,2862.8,11.8,27.2,17.8,5.24,0,5,1
2025-02-08,7,2976.3,388.4,29.6,13.8,5.23,0,5,1
2025-02-08,8,2873.2,363.7,32.4,21.4,5.42,0,5,1
2025-02-08,9,3520.9,725.8,29.7,14.9,5.37,0,5,1
2025-02-08,10,3327.8,756.1,32.6,12.6,5.25,0,5,1
2025-02-08,11,3667.3,861.6,31.6,7.6,6.53,0,5,1
2025-02-08,12,4062.5,911.0,35.2,12.9,6.72,0,5,1
2025-02-08,13,3545.8,899.6,30.1,12.7,4.65,0,5,1
2025-02-08,14,3233.7,765.5,31.3,17.8,4.16,0,5,1
2025-02-08,15,3572.7,662.2,32.2,15.8,5.57,0,5,1
2025-02-08,16,3719.1,639.4,33.3,9.3,14.62,1,5,1
2025-02-08,17,3738.8,351.2,29.2,14.7,5.77,0,5,1
2025-02-08,18,3008.2,104.3,27.0,16.7,5.28,0,5,1
2025-02-08,19,3150.7,0.0,30.1,20.1,3.15,0,5,1
2025-02-08,20,2809.3,0.0,22.9,17.6,24.12,1,5,1
2025-02-08,21,2717.2,114.6,20.5,17.0,4.42,0,5,1
2025-02-08,22,3077.6,105.1,24.5,14.2,4.1,0,5,1
2025-02-08,23,2227.8,176.7,22.3,15.6,2.89,0,5,1
2025-02-09,0,2566.0,0.0,21.2,19.0,3.31,0,6,1
2025-02-09,1,2582.4,0.0,24.4,8.7,4.44,0,6,1
2025-02-09,2,2715.8,0.0,24.1,12.6,4.52,0,6,1
2025-02-09,3,2602.9,0.0,23.4,10.9,2.35,0,6,1
2025-02-09,4,2744.0,119.6,23.2,15.5,4.14,0,6,1
2025-02-09,5,2752.7,0.0,28.3,18.9,3.8,0,6,1
2025-02-09,6,3028.4,76.9,29.2,11.6,4.61,0,6,1
2025-02-09,7,3086.4,210.1,29.1,4.4,3.98,0,6,1
2025-02-09,8,3428.3,488.9,33.8,12.4,6.65,0,6,1
2025-02-09,9,3406.6,498.7,29.6,17.7,5.88,0,6,1
2025-02-09,10,3675.7,789.6,29.6,16.2,4.82,0,6,1
2025-02-09,11,3705.8,510.4,31.6,15.7,13.52,1,6,1
2025-02-09,12,3978.7,877.6,32.9,12.9,5.81,0,6,1
2025-02-09,13,3788.9,673.7,33.3,8.9,6.23,0,6,1
2025-02-09,14,3456.9,924.1,31.9,16.1,5.09,0,6,1
2025-02-09,15,3938.2,729.7,32.2,10.7,7.13,0,6,1
2025-02-09,16,3444.8,506.0,28.2,22.7,5.71,0,6,1
2025-02-09,17,3355.5,415.5,31.9,16.3,5.86,0,6,1
2025-02-09,18,3209.2,0.0,27.9,11.7,5.22,0,6,1
2025-02-09,19,3395.6,209.7,28.7,11.6,4.12,0,6,1
2025-02-09,20,2595.5,111.9,26.1,13.6,3.3,0,6,1
2025-02-09,21,3388.0,0.0,25.3,13.0,6.11,0,6,1
2025-02-09,22,2878.6,136.3,24.7,18.5,3.97,0,6,1
2025-02-09,23,2625.4,0.0,24.0,14.7,3.94,0,6,1
2025-02-10,0,2862.3,0.0,24.2,11.1,3.81,0,0,0
2025-02-10,1,2901.4,0.0,25.6,21.6,3.37,0,0,0
2025-02-10,2,2966.0,0.0,24.0,14.2,25.81,1,0,0
2025-02-10,3,3053.2,0.0,25.7,17.1,4.79,0,0,0
2025-02-10,4,3140.4,146.8,25.3,11.6,4.07,0,0,0
2025-02-10,5,3191.1,0.0,29.3,15.5,4.78,0,0,0
2025-02-10,6,3296.2,42.3,26.8,15.2,4.32,0,0,0
2025-02-10,7,3472.8,164.5,32.5,6.4,6.46,0,0,0
2025-02-10,8,3633.1,231.5,30.4,22.1,5.56,0,0,0
2025-02-10,9,4029.1,668.8,29.0,19.2,7.42,0,0,0
2025-02-10,10,4066.5,550.0,32.6,12.4,7.79,0,0,0
2025-02-10,11,3533.6,861.1,31.6,9.6,5.05,0,0,0
2025-02-10,12,4245.9,735.8,34.5,15.4,6.07,0,0,0
2025-02-10,13,4185.1,1107.8,31.7,14.3,4.68,0,0,0
2025-02-10,14,4124.5,888.8,31.5,15.4,5.21,0,0,0
2025-02-10,15,3993.0,649.1,28.1,14.8,5.07,0,0,0
2025-02-10,16,4162.0,601.6,29.7,16.0,7.74,0,0,0
2025-02-10,17,3995.6,131.4,24.9,19.8,6.57,0,0,0
2025-02-10,18,3529.1,65.2,25.1,16.3,5.82,0,0,0
2025-02-10,19,3573.3,24.0,28.1,9.8,3.97,0,0,0
2025-02-10,20,3156.9,31.7,26.9,19.5,3.82,0,0,0
2025-02-10,21,2926.7,152.7,25.2,20.6,4.83,0,0,0
2025-02-10,22,2927.6,87.9,21.9,26.6,4.29,0,0,0
2025-02-10,23,3092.3,34.6,23.1,9.5,4.39,0,0,0
2025-02-11,0,3395.5,0.0,23.0,15.0,5.65,0,1,0
2025-02-11,1,3294.2,0.0,21.1,5.7,6.21,0,1,0
2025-02-11,2,3354.5,0.0,26.4,16.2,5.05,0,1,0
2025-02-11,3,3381.8,11.2,26.0,11.8,5.32,0,1,0
2025-02-11,4,3276.7,0.0,25.1,21.7,5.16,0,1,0
2025-02-11,5,3604.6,289.4,26.8,10.9,7.47,0,1,0
2025-02-11,6,3827.7,182.0,28.4,7.2,4.51,0,1,0
2025-02-11,7,3987.6,305.2,25.6,12.1,6.89,0,1,0
2025-02-11,8,4234.1,458.6,30.1,6.1,6.83,0,1,0
2025-02-11,9,4304.3,610.9,30.3,17.0,7.41,0,1,0
2025-02-11,10,4374.7,665.2,30.5,5.7,6.55,0,1,0
2025-02-11,11,4607.4,878.6,32.3,14.1,7.45,0,1,0
2025-02-11,12,4474.9,930.9,36.2,5.7,7.86,0,1,0
2025-02-11,13,4343.1,720.3,34.0,12.7,9.58,0,1,0
2025-02-11,14,4450.3,819.5,31.3,20.6,7.8,0,1,0
2025-02-11,15,4280.7,617.8,32.6,15.4,6.3,0,1,0
